,Year,Fluid Milk,Fluid Cream,Sour Cream,Yoghurt,Butter,American Cheese,Other Cheeses,Total,Cottage Cheese,Ice cream,Lowfat and non fat icecream,Sherbet,Frozen Yoghurt,Other Frozen Prodcuts,Total,Whole Milk/Evaporated_Condensed,Skim Milk/Evaporated_Condensed,Total/Evaporated_Condensed,Whole Milk/Dry,Nonfat Milk/Dry,Buttermilk/Dry,Total/Dry,Dried Whey,All Dairy
5,1909,294.087744502155,12.255497845065754,*,*,17.86937783180462,2.464360702840093,1.359266217261576,3.8236269201016686,0.6,1.558183224665709,,,,,1.558183224665709,5.481268648469444,0.5967510222123992,6.078019670681844,--,,,,,770
6,1910,277.6088391572067,11.535922603265988,*,*,18.407696386637376,2.759531204345991,1.5150367396409363,4.274567943986927,0.6,1.9370826885409114,,,,,1.9370826885409114,5.8004263746252995,0.7034099148332918,6.503836289458591,--,,,,,759
7,1911,269.25412569383036,11.18651651875606,*,*,18.6868094989506,2.524956585662082,1.470227885322225,3.9951844709843067,0.7,2.3012262552869607,,,,,2.3012262552869607,6.392295153574891,0.7990368941968614,7.191332047771753,--,,,,,749
8,1912,296.5752346986941,12.513767241831438,*,*,16.625583468820476,2.433523889442492,1.4265484869145646,3.860072376357057,0.7,2.6642890858551427,,,,,2.6642890858551427,7.069806471914827,0.7971888603346096,7.866995332249436,--,,,,,763
9,1913,285.1632810491129,12.013371046541527,*,*,16.5183851889946,2.653638467472358,1.5736693237336077,4.227307791205966,0.7,2.9930573412188224,,,,,2.9930573412188224,7.971200822833634,0.9051169966572384,8.876317819490872,--,,,,,754
10,1914,268.05299109079715,11.29037140176166,*,*,17.001140135807326,2.6535904188233395,1.5538134011360998,4.207403819959439,0.7,3.41031772457144,,,,,3.41031772457144,8.919292510417613,0.9988800435874927,9.918172554005105,--,,,,,747
11,1915,250.00497284824854,10.462872714976228,*,*,17.2259463330217,2.556043999761303,1.5714200465458594,4.127464046307162,0.7,3.8688759373818944,,,,,3.8688759373818944,9.53792294074354,1.203429276152209,10.741352216895748,--,,,,,751
12,1916,240.79795215817813,10.06267102127284,*,*,17.320347976186973,2.4421102186129993,1.402497033179353,3.844607251792352,0.7,4.315375486705701,,,,,4.315375486705701,9.63113347260227,1.402497033179353,11.033630505781623,--,,,,,747
13,1917,256.02316303211063,10.797149165278693,*,*,15.752219235306631,2.4658170073684413,1.2570831802270486,3.72290018759549,0.7,4.834935308565571,,,,,4.834935308565571,9.466803334171388,1.5955286518266385,11.062331985998027,--,,,,,729
14,1918,293.0586776218898,12.557166111154174,*,*,14.17503586800574,2.812051649928264,1.1382113821138211,3.950263032042085,0.6,6.15116212338594,,,,,6.15116212338594,10.3012912482066,1.7981826877092302,12.09947393591583,--,,,,,725
15,1919,262.0031766079186,11.09899152266682,*,*,15.286066455364876,2.864947698047838,1.3801243063685598,4.245072004416398,0.6,6.552439964592673,,,,,6.552439964592673,9.841714019207522,2.1034998048789775,11.9452138240865,0.1,,--,0.1,,733
16,1920,293.1214247470905,12.652520641361626,*,*,14.897474192427275,2.8179333276974665,1.2304975530945605,4.0484308807920275,0.6,7.238481697523037,,,,,7.238481697523037,8.604089760569599,1.596828885695231,10.20091864626483,0.1,0.24422088840044712,--,0.3442208884004471,,736
17,1921,286.1854834251599,12.401186681162358,*,*,16.261585804050195,2.856142549153292,1.3359376439587978,4.19208019311209,0.4,7.270697820118301,,,,,7.270697820118301,9.85829847610975,1.2990841917116587,11.157382667821409,--,0.19348062429748109,--,0.19348062429748109,,768
18,1922,288.053503439377,12.539868603985497,*,*,17.110559841525138,2.871448173086534,1.3812029186998518,4.252651091786386,0.5,7.813878363274541,,,,,7.813878363274541,10.88605984606857,1.3993766413143236,12.285436487382892,--,0.2180846713736608,--,0.2180846713736608,,783
19,1923,279.9896379536745,12.211135626680482,*,*,17.874529911475967,3.081815501978615,1.4024493733641812,4.484264875342796,0.6,8.613419743271368,,,,,8.613419743271368,11.451847749381404,1.80442530840487,13.256273057786274,0.1,0.36624474081484987,--,0.4662447408148499,,787
20,1924,281.7043353285017,12.233916693687615,*,*,17.851352654041314,3.251277287505806,1.3408232479471383,4.5921005354529445,0.8,8.412679981421272,,,,,8.412679981421272,11.830793364239456,1.7965278812363619,13.627321245475818,0.1,0.3855962281678045,--,0.48559622816780446,,796.4139550780394
21,1925,289.038151067522,12.613421509293874,*,*,18.07837415500436,3.280698270726675,1.4072468898117052,4.68794516053838,0.9,9.32478912880194,,,,,9.32478912880194,11.681012527087345,1.8993516304207065,13.580364157508052,0.1,0.4230374085937028,--,0.5230374085937028,,801.8112907821012
22,1926,288.5167423358348,12.640868165285314,*,*,18.313926250244894,3.2453980936480487,1.3714149424601991,4.616813036108248,1,9.135655084882918,,,,,9.135655084882918,11.823130062948797,2.495804833172909,14.318934896121707,0.1,0.5366406296583388,--,0.6366406296583388,,817.9680911777983
23,1927,285.5462679043979,12.525727727139078,*,*,18.288738606292267,3.1587348258915444,1.4029487125635318,4.5616835384550765,1,9.503360356197758,,,,,9.503360356197758,11.643634225227874,2.503465367328937,14.147099592556811,0.1,0.6636703490570001,--,0.763670349057,,812.8533624564204
24,1928,285.8126778912778,12.563377009186036,*,*,17.57545079620609,2.9873287472304972,1.42727929034346,4.414608037573958,1.2,9.483536499348597,,,,,9.483536499348597,12.214855322009145,2.696894007916421,14.911749329925566,0.1,0.7883228638524924,--,0.8883228638524924,,804.7614700976691
25,1929,287.6559330524691,12.655317122044561,*,*,17.58276051803855,3.2274754243760624,1.4782330187981967,4.7057084431742595,1.2,10.24552218581389,,,,,10.24552218581389,13.607956178603398,3.096076933816223,16.704033112419623,0.1,1.0922499527786675,--,1.1922499527786676,,811.8866359522696
26,1930,285.5610715243303,12.569367144145534,*,*,17.566646101893042,3.1658927817644575,1.5180050004870604,4.683897782251518,1.2,9.331067149397668,,,,,9.331067149397668,13.572750592590188,2.703185375198883,16.27593596778907,0.1,1.3069454817027633,--,1.4069454817027633,,818.9515212520699
27,1931,285.5207997420187,12.56046436633344,*,*,18.284480744911356,3.1252768850333066,1.401541695865452,4.526818580898759,1.2,8.20760940482807,,,,,8.20760940482807,13.419358996045075,2.4003415251029003,15.819700521147976,0.1,1.385432021200332,--,1.485432021200332,,837.2761762076215
28,1932,291.0685677667414,12.80839474527395,*,*,18.45552985618132,3.0252342955926017,1.400571433144723,4.425805728737325,1.3,6.048667856485446,,,,,6.048667856485446,13.973701270118209,2.2008979663702792,16.17459923648849,0.1,1.4325844944737454,--,1.5325844944737455,,831.1471080200722
29,1933,289.8096019238886,12.748946878060822,*,*,18.14782401145676,3.1585647227305276,1.3764022595274088,4.534966982257936,1.2,5.792537194685337,,,,,5.792537194685337,13.819715172249184,1.9969766886784948,15.81669186092768,0.1,1.4241387540774924,--,1.5241387540774924,,813.4457792982736
30,1934,280.08134584645575,12.30474622944593,*,*,18.539747796181366,3.41542475392339,1.4942483298414833,4.909673083764874,1.2,6.8151954777246315,,,,,6.8151954777246315,14.9741076016919,2.1978890777562556,17.171996679448156,0.1,1.486342254022216,--,1.586342254022216,,812.8869035854054
31,1935,284.1100196463654,12.526522593320236,*,*,17.540553697335156,3.784488308914747,1.5153656506650335,5.299853959579781,1.3,7.742521317190371,,,,,7.742521317190371,16.150814214600903,2.402600461676167,18.55341467627707,0.1,1.5703270991347498,--,1.6703270991347499,,799.0452411237261
32,1936,286.6937908522253,12.658820956947514,*,*,16.780958176328785,3.8851311816883936,1.544690710791771,5.429821892480165,1.4,9.078041987502047,,,,,9.078041987502047,15.883789329151744,2.800727096839625,18.68451642599137,0.1,1.763131821408789,--,1.863131821408789,,791.2561144007301
33,1937,288.7172520861634,12.8003104987386,*,*,16.733741208582437,3.9314211273175608,1.6206450012019136,5.552066128519474,1.5,10.15622164840533,,,,,10.15622164840533,16.70272407937283,3.0009072510293806,19.703631330402214,0.1,1.892044881785966,--,1.9920448817859662,0.1,795.8685183892804
34,1938,288.0801078374735,12.79414596572309,*,*,16.619347690603146,4.247166632043026,1.600381629465488,5.847548261508514,1.6,9.915033584931791,,,,,9.915033584931791,17.24257322900076,3.200763258930976,20.443336487931738,0.1,2.1158891735721594,--,2.2158891735721595,0.1,794.6895028814564
35,1939,292.9171760391198,13.027200488997556,*,*,17.3703330585829,4.266263699361969,1.6561345666575085,5.922398266019477,1.9,10.501373752175107,,,,,10.501373752175107,17.759562841530055,2.9993589156516167,20.75892175718167,0.1,2.1751076105870504,--,2.2751076105870505,0.1,823.0607198461398
36,1940,292.3291450050775,13.800263728268941,*,*,16.984302387187597,4.367175792070964,1.6197151117906177,5.986890903861582,1.9,10.83389594465721,0.35615945868212706,,,,11.190055403339336,19.307912384008716,3.2999803212182677,22.607892705226984,0.4,2.232784850365571,0.1,2.732784850365571,0.1,818.2210381314239
37,1941,296.20420519677583,13.333733971349373,*,*,16.38656092112562,4.385241600575704,1.544204734561701,5.9294463351374045,2,13.165237402737592,0.4197688190581851,,,,13.585006221795776,19.519947227178005,4.00293848667936,23.522885713857363,0.2,2.488718310070314,0.1,2.788718310070314,0.1,811.5770378255199
38,1942,318.6753285543608,13.933691756272403,*,*,16.43185525730387,5.042266053685303,1.6239062731721783,6.666172326857481,2,15.488462108853623,0.4662835533145484,,,,15.95474566216817,21.214592911167134,4.397152602699095,25.61174551386623,0.2,2.6101141924959212,0.2,3.0101141924959216,0.1,850.6599436452617
39,1943,353.0485306715334,14.495884390480091,*,*,13.097945721410863,3.8248049203226584,1.7697950109332377,5.594599931255896,2.1,13.547027548833908,0.3297852112418549,,,,13.876812760075763,22.59779580075911,5.097302159588705,27.695097960347812,0.4,2.2232135674533233,0.2,2.8232135674533234,0.1,783.8656125904095
40,1944,375.51266132370097,12.973623810061332,*,*,13.389018548089917,4.371482040795683,1.6691113246674423,6.040593365463125,2.2,14.465537547779217,0.2715015498890872,,,,14.737039097668303,23.33865618474389,5.90330715261169,29.24196333735558,0.3,2.146000274572426,0.2,2.646000274572426,0.2,811.7083462791824
41,1945,384.24377835312237,13.496274937538214,*,*,11.684580641472758,4.602366931564805,1.7723400606025956,6.3747069921674,2.6,15.34524183865988,0.3769724429706707,,,,15.722214281630551,22.697387227717112,7.696815505116917,30.394202732834028,0.4,3.5089474586930423,0.2,4.108947458693042,0.2,792.6933851695158
42,1946,362.02464763591183,12.780784554528967,*,*,10.679755850879488,4.462864862188713,2.1713146001456973,6.63417946233441,2.5,22.71718804150252,0.4868271223362496,,,,23.20401516383877,18.572873420138766,9.696652497719057,28.269525917857823,0.5,3.4797615090282834,0.2,4.179761509028284,0.2,785.3298347113283
43,1947,343.4672280858302,12.450678304030784,*,*,11.2956718426932,5.182964905707506,1.7068398484659255,6.889804754173431,2.3,19.702229299363058,0.48619957537154984,,,,20.18842887473461,20.759613116301015,6.799605900392712,27.559219016693728,0.5,3.7189681251127484,0.1,4.3189681251127485,0.2,769.6182506973065
44,1948,327.4489537486396,12.08134544434025,*,*,10.134282655100218,5.258096855371647,1.7458791115112084,7.003975966882856,2.5,17.69187961617939,0.5942058636986722,,,,18.28608547987806,20.72549460891626,5.1967182928575815,25.922212901773843,0.3,3.6622542300059333,0.2,4.162254230005933,0.1,728.6590148058732
45,1949,322.84666868462654,11.683987488648976,*,*,10.597367080462236,5.328846824141352,1.9438560742150846,7.272702898356437,2.7,16.832741239241763,0.8906011207335711,,,,17.723342359975334,19.807223101053705,5.3020350162211445,25.109258117274848,0.3,4.1223154677319895,0.2,4.6223154677319895,0.2,735.4545942032871
46,1950,320.26977882104006,11.220947531986642,*,*,10.864692386804146,5.498272724875399,2.19535349806176,7.693626222937159,3.1,16.445897391946414,1.0938200469396904,0.6731626275678384,,1.049378972073523,19.262259038527464,20.397668837847103,5.102713536035442,25.500382373882545,0.3,3.763719311199599,0.2,4.2637193111995995,0.2,744.1391313520214
47,1951,322.81651555671516,10.75598460635314,*,*,9.702696921970094,5.146253410851205,2.099982500145832,7.246235910997037,3.3,16.591290905909116,1.3359388671761068,0.7960100332497229,,1.1910789632308614,19.914318769565806,18.8026210892687,4.802737754963153,23.605358844231855,0.3,4.289246663685209,0.2,4.789246663685209,0.1,718.8032692320156
48,1952,323.36033194807527,10.15499046163135,*,*,8.626731399008627,5.351886540005352,2.249066605502249,7.600953145507601,3.4,16.993338812645742,1.5396804159180395,0.98004510875798,,1.3565885546083578,20.86965289193012,18.20915682301821,4.702014603004701,22.91117142602291,0.5,4.769078838385769,0.1,5.369078838385769,0.2,701.3010181327013
49,1953,318.4552773599929,9.883596011172761,*,*,8.598376837025663,5.08883527089274,2.3313383260740137,7.4201735969667535,3.6,17.06345063140413,1.8249302791965656,1.1686397392911978,,1.3571021213925363,21.41412277128443,17.66051452386175,4.8005514993889635,22.461066023250712,0.2,4.2599630244727855,0.2,4.659963024472786,0.2,691.7369097233103
50,1954,311.6328708644611,8.581320890521457,0.6018713856692562,0.0930728946911221,9.089173661101908,5.499073224501358,2.3708210430380996,7.869894267539458,3.8,16.538444248757628,2.2173981316698588,1.2625083902433019,,1.1580198410010425,21.17637061167183,16.922120068230385,4.9017494811904605,21.823869549420845,0.2,4.96356940963477,0.2,5.363569409634771,0.2,702.9884661095751
51,1955,312.0055018623561,8.39277454536602,0.614699223409694,0.10346422572242374,9.305702616850702,5.354711843896536,2.4928150052942066,7.847526849190743,3.9,17.113069127212224,2.455498411738012,1.356466495235214,,2.01897806685826,22.94401210104371,16.40901527756769,4.701255483285434,21.110270760853123,0.2,5.735289668733928,0.2,6.135289668733928,0.2,713.241567085161
52,1956,312.5530465135739,8.266290509605154,0.6335696269111687,0.11356436708785099,8.976287146075698,5.415495092764875,2.5442721182254298,7.959767210990305,4.4,17.15599419810844,2.7566950618531574,1.2740739860065033,,1.9655298684468647,23.152293114414967,16.002758276315085,4.500032695085631,20.502790971400714,0.3,5.596804203993556,0.2,6.096804203993556,0.2,708.9959041974545
53,1957,309.20168338508313,7.9767096512904185,0.6632584183928015,0.12326041403760028,8.530191389235961,5.102934479255462,2.5339514462206756,7.636885925476138,4.5,17.09321613321345,2.920714761142964,1.2860796151196328,,1.9890724803531192,23.289082989829165,15.460606980627533,4.600815068253208,20.061422048880743,0.2,5.345142870488225,0.3,5.845142870488225,0.3,691.430106145708
54,1958,302.8559889222248,7.742903300253866,0.7154396492037849,0.1500115393491807,8.42995044245755,5.4610918738263825,2.612825239317565,8.073917113143947,4.6,16.982143780040314,3.031061036746085,1.2771719468706393,,2.105946330846841,23.396323094503877,14.85003531620928,4.197747802068439,19.047783118277717,0.3,5.609511832365727,0.3,6.209511832365727,0.3,686.1968175214338
55,1959,296.5981995473342,7.48770484828889,0.7771330031936197,0.21555513957195288,8.030586255386197,5.1843025192999495,2.8067520175294933,7.991054536829443,4.7,17.762106588808006,3.4108644457370687,1.3687914024159527,,2.3751379374608277,24.916900374421854,14.366956001197245,4.602621517679149,18.969577518876395,0.3,6.214990427676721,0.4,6.914990427676721,0.3,672.1804001739395
56,1960,291.84515971307763,7.389751026508648,0.8556553820167908,0.24447296629051166,7.654797947650702,5.385479684066619,2.905834361906449,8.291314045973067,4.7,17.374033464142006,3.6022964393842956,1.347476905535476,,2.3783529177344427,24.70215972679622,13.804096949704158,4.499892069009415,18.303989018713573,0.3,6.268161464761915,0.4,6.9681614647619154,0.3,658.0801567490079
57,1961,284.6080702981551,7.087741540613798,0.8907493223747487,0.26777126868934165,7.5180602206967135,5.623574372179366,2.847172697628082,8.470747069807448,4.6,17.078569445427377,4.002060525556505,1.3118007959018134,,2.3378401772541935,24.73027094413989,13.326728037846165,4.801541719518104,18.12826975736427,0.3,6.323918972622502,0.4,7.023918972622502,0.3,645.6494874544752
58,1962,283.2196629183242,6.761012213962352,0.9420200138880666,0.2476166893648632,7.531977398706966,6.014860242953178,3.0449559875199688,9.059816230473146,4.6,16.993459777632438,4.538646281186675,1.307540554739517,,2.4120479473351253,25.251694560893757,12.522917582476492,4.497743087199391,17.020660669675884,0.3,6.185029323783893,0.4,6.885029323783893,0.4,647.2943850582723
59,1963,284.4182233941523,6.361316405193041,0.9762153615975976,0.26527591347760804,7.096733283309202,6.087443590746241,3.0648587522854336,9.152302343031675,4.6,17.063793978080977,4.835427653480729,1.33701820948838,,2.395451326872468,25.631691167922554,11.683452933281195,4.798089219095127,16.48154215237632,0.3,5.879672588537429,0.4,6.579672588537429,0.4,638.5844579955824
60,1964,284.33460115830724,6.032196127466111,0.8998592661961589,0.2772822157464908,7.1030647926665935,6.144177102387317,3.2310346085497343,9.375211710937052,4.7,17.324304676140894,5.105811172083861,1.3760455263199036,,2.459338471720624,26.265499846265282,11.402425360494869,4.799649797539202,16.20207515803407,0.3,5.962592957386822,0.4,6.662592957386822,0.5,638.8537123024248
61,1965,283.72931802445146,5.766667011150957,0.9249403180967931,0.31520312516147697,6.649408398223393,6.1193085026993925,3.3607304056036194,9.480038908303012,4.6,17.53189605924767,5.349706386417091,1.4034471933011843,,2.5294308374034387,26.814480476369383,10.766689140157384,5.002496101449798,15.769185241607182,0.3,5.6670355063998,0.4,6.3670355063998,0.6,624.107708064209
62,1966,284.27312144639427,5.435227226244529,0.9510369370474905,0.35791712684582977,5.753968253968254,6.160968660968661,3.5409035409035408,9.701872201872202,4.6,17.196863553113552,5.495283882783883,1.4490537240537242,,2.6134920634920604,26.75469322344322,9.895197395197394,5.280830280830281,15.176027676027676,0.3306878306878307,5.855718355718356,0.3205128205128205,6.506919006919007,0.7173382173382173,606.1406186406186
63,1967,270.20566503086746,4.9985566477764785,0.9267840593141798,0.45579543900697367,5.520552357180241,6.3559322033898304,3.6635935424131407,10.019525745802971,4.5,16.88041235556987,5.634284794073835,1.3887334433753373,,2.681693103587101,26.585123696606143,8.932525463988084,4.951890172712267,13.88441563670035,0.2566528443174041,5.505455131043923,0.3371713837110995,6.099279359072427,0.8655742984822256,580.3625347236201
64,1968,269.59011830550804,4.633924944458097,0.9378181435212815,0.6218687154900476,5.844369376102359,6.541907068049785,3.9560351957589712,10.497942263808756,4.6,17.33596155570835,5.827090370990404,1.4717945651848976,,2.8060895040506963,27.44093599593435,8.75908044602553,4.723326656901139,13.482407102926668,0.24912060426693772,5.684932189371519,0.33382160971769653,6.267874403356153,1.1110778950305422,581.1485456339124
65,1969,267.5670978474067,4.310152196042407,0.9434664945254115,0.8391886188147082,5.639515090513477,6.660844595094658,4.188931156470641,10.8497757515653,4.8,16.99627732796519,6.116764605752009,1.5156825885522285,,2.6046714723426945,27.23339599461212,7.844994745333708,4.879685410776753,12.724680156110463,0.21709419421049256,5.708590515944088,0.30097149651909194,6.226656206673673,1.139744519605086,573.2964273203175
66,1970,269.4083849713703,3.956192642560201,1.088320652600204,0.8284963526551102,5.365702358426156,6.995293876675184,4.372208025281392,11.367501901956576,5.064964009129391,16.716706006281335,6.2910066714784545,1.43047617189786,,2.4068060784581498,26.8449949281158,7.013601427930476,4.954840723328717,11.968442151259193,0.2097029046290697,5.314653603405439,0.2487173985135478,5.773073906548056,1.4337826502545696,563.9106177945107
67,1971,269.71817025823515,3.698743394237696,1.1893998365783964,1.0878657041875577,5.14598311671426,7.322068178425415,4.709300253778996,12.03136843220441,5.243589311425834,16.595766658159214,6.234309764471904,1.4108860113357828,,2.3373334424855905,26.57829587645249,6.733975084392351,5.003346800795527,11.737321885187878,0.15409730281564665,5.253210247477036,0.2648547392143927,5.672162289507075,1.5361574874434776,557.9285470069007
68,1972,267.5789835821181,3.516752355650695,1.261443779744271,1.2901129565566407,4.951437854937684,7.6765969813621995,5.329687083126881,13.00628406448908,5.312592903152038,16.459937302283038,6.234644776460724,1.4297652170598774,,2.3589463353279747,26.483293631131612,6.279567023668865,4.668978922895148,10.948545946564014,0.11434234096886077,4.588280613473401,0.22868468193772154,4.931307636379984,1.7961276060525213,559.6152380226398
69,1973,262.7071731714587,3.6762444584281573,1.2869221270173214,1.3720860913052324,4.8072946406240415,7.8312624758740785,5.659655795648133,13.490918271522212,5.125888942895299,16.42937770458074,6.194361730742914,1.507184687766919,,2.345503022523811,26.476427145614387,5.910754144467672,4.218792028653809,10.129546173121481,0.09909914161267337,5.257122150642079,0.18404126299496482,5.540262555249718,1.8120985894888844,554.7947468016932
70,1974,254.0474918206448,3.4920456356460523,1.4530659691950016,1.4530659691950016,4.460407567779887,8.466533242305497,5.939379202633573,14.40591244493907,4.571450615840714,16.454541416106313,6.23065268828266,1.4009183835700991,,2.1766981211480747,26.262810609107145,5.5024268893731225,3.4228959944635124,8.925322883836635,0.07014131136195721,4.139961594049054,0.20574784666174117,4.415850752072752,2.118267603131108,534.9864861073443
71,1975,254.3475738519017,3.434432506439561,1.6243937530457382,1.9724781286983966,4.728192875961347,8.14722210646701,6.126409319683478,14.273631426150487,4.5884670769031315,18.20505340945396,6.5022016640969005,1.3487797085746829,,1.980933727827086,28.03696850995263,5.1885281956540865,3.523588596722738,8.712116792376825,0.07408333449088543,3.2624550455154964,0.20372916984993494,3.540267549856317,2.208609409509522,539.1322063406074
72,1976,252.96121123536633,3.461066449718013,1.6087294254997404,2.1373119510210836,4.31320200885179,8.883105923360928,6.627871671979269,15.510977595340197,4.632141628637604,17.638452542023067,6.1691930194693505,1.364459834430252,,1.8027766184328229,26.974882014355494,4.8925677070195155,3.5911665558281927,8.483734262847708,0.15135184718049854,3.511039894079474,0.17428394523814983,3.8366756864981224,2.4170431352764465,539.7206870456578
73,1977,250.14106297779398,3.3991627229705133,1.6563523844193666,2.3434655988350928,4.294180413096682,9.213004962790425,6.781846085389055,15.99485104817948,4.6176426518464035,17.2889451913603,6.574221641035422,1.3562538878218664,,1.7332071068248602,26.952627827042445,4.269371001502913,3.8776056919982387,8.146976693501152,0.15437774417791583,3.311096330844048,0.2588097475923883,3.7242838226143524,2.4064766004204525,540.2131320974033
74,1978,246.42157635246178,3.3544204056822533,1.6839640694297486,2.453904860532655,4.354592627535547,9.525358851674643,7.3096030729833545,16.834961924657996,4.598998135543725,17.22532964934744,6.550306624435609,1.2947862614282184,,1.6033407462317761,26.673763281443044,4.049176719006223,3.4683379383156994,7.517514657321922,0.2515892804995844,3.1091218896831667,0.22014062043713636,3.580851790619888,2.4395174877013277,544.2684817036188
75,1979,242.9742571259357,3.393196685176362,1.7589405389037571,2.4491577123976365,4.491231032414299,9.597205127635466,7.567656795005665,17.16486192264113,4.434995889893582,16.943413832174357,6.197151807335985,1.202817089155984,,1.5002146142054116,25.84359734287174,4.057848081580058,3.3325187176467974,7.390366799226856,0.2932616471529182,3.2916460897992845,0.1821776898980249,3.7670854268502274,2.6526848992468506,548.2037724111883
76,1980,237.84354714490044,3.366707008471779,1.7955770711849488,2.5085267906260316,4.467509199652214,9.620139992798363,7.903713234325461,17.523853227123823,4.410484529654058,17.11750085629221,6.052009871512256,1.1904657351378412,,1.4219351325716048,25.78191159551391,3.7625655392884427,3.280257853736508,7.042823393024951,0.27664825272476573,3.0163824134168844,0.18004092637643485,3.473071592518085,2.6523102324723573,543.1439536987433
77,1981,233.95622880949682,3.442775836071575,1.8477682968282882,2.440448693924154,4.238243914317769,10.150470069488533,8.031361157736361,18.181831227224894,4.268691893584268,16.99642555856083,5.941313063670282,1.193219867284729,,1.749643860396752,25.880602349912593,4.043593400763592,3.1569884243757773,7.200581825139369,0.3609229190402059,2.156927973726067,0.18698416287625128,2.704835055642524,2.735186940678187,540.5320786551055
78,1982,227.58391463498862,3.466226949374957,1.946784998964017,2.589957870018648,4.3513273726463035,11.306777266697676,8.597416748496908,19.904194015194584,4.162321050183472,17.228711216772616,5.672558444019502,1.177924785087946,,1.7684514272916765,25.84764587317174,3.9857744586283532,3.0191052078488125,7.004879666477166,0.379003221527383,2.133092268573924,0.17227419160335591,2.684369681704663,2.8812858545661277,554.4946336589315
79,1983,226.96670544757734,3.6870380509170544,2.0702162606077197,3.165206679441555,4.906797492179064,11.607489319567918,8.956855749081335,20.564345068649253,4.090560674670411,17.665285288104926,5.909767954009056,1.2223279714221085,,1.7625636451322428,26.55994485866833,3.8207864041620616,3.2478756503220136,7.068662054484076,0.40118306324608316,2.261767392378987,0.18351991191044228,2.8464703675355123,3.068623643339721,572.8510031710533
80,1984,227.74939043782467,4.032651330435705,2.2177462101134315,3.5619633202586667,4.97629766276846,11.853110667321067,9.621486113696752,21.47459678101782,4.08462098261885,17.76956014013235,5.956047861627769,1.2054258974055205,,1.8426125882173672,26.773646487383008,3.727541591212957,3.69370589131281,7.421247482525766,0.4146428148323658,2.535526316870982,0.18193511263052786,3.1321042443338754,3.2240594377781915,581.8750317328685
81,1985,230.19535650039506,4.379549772196163,2.2864444108202617,3.9508414451673644,4.872090780237015,12.187188110674057,10.357803628190181,22.54499173886424,4.025609520854126,17.747603431935786,5.932501908028818,1.2127515033589693,,2.72449238046514,27.617349223788715,3.6769057224090647,3.820251104979326,7.497156827388391,0.4403143425058499,2.286984670523206,0.2012865565741028,2.928585569603159,3.522514740046799,593.6779247356017
82,1986,229.11053457875425,4.672410705733905,2.3528627885380184,4.164358917766404,4.832487710418822,12.121952537076512,10.996189502640753,23.118142039717263,4.031954988759656,18.011975848843342,6.137103107820038,1.2387232963918704,,2.306868452655511,27.694670705710763,3.6474354978786705,4.280057012021558,7.927492509900229,0.46955965277518064,2.477618482932439,0.2701006852246614,3.2172788209322807,3.7190786657857227,591.4540143194916
83,1987,225.76757508595108,4.663851846348782,2.4309811836278166,4.432722905290789,4.435206998237261,12.40366303685277,11.692402102107048,24.096065138959815,3.8933996145038794,17.9309237080114,6.326502034562857,1.235564488229189,,2.3448938238249717,27.837884054628418,3.7465157081431935,4.237986194626118,7.984501902769312,0.5477669231149405,2.5420004971386416,0.2141645112930594,3.3039319315466416,3.649033788570205,601.2339170689115
84,1988,225.26881500537834,4.683045738428378,2.486717737086859,4.703495719818895,4.485595112255685,11.499328628974661,12.21287154978553,23.71220017876019,3.827986172613776,16.87814513857996,6.7896221140228805,1.277849653703152,,2.391224425661477,27.33684133196747,3.4983858526412024,4.252696707629142,7.751082560270344,0.583623444521082,2.614708613791529,0.216307989927394,3.4146400482400048,3.5670411923875913,582.517416874472
85,1989,225.06776220631315,4.813243713004266,2.5200653110173854,3.67855841624956,4.430606205173404,11.029566349427109,12.762696994444939,23.792263343872047,3.5301081094193463,15.75025672954856,7.1346556589661265,1.2755617727680701,1.9964260012452393,2.1917587793419635,28.34865894186996,3.072967793581357,4.714120529469318,7.787088323050675,0.5417599922374687,2.150726306222474,0.23045014595175908,2.9229364444117016,3.468881144326479,563.8306474436205
86,1990,221.9587137403204,4.610953317602945,2.5037756937461695,3.90307043273988,4.307093854444853,11.12700893928006,13.480358370780229,24.60736731006029,3.328118753298259,15.397470135768314,6.585722738394128,1.2029648345673483,2.8129147809956345,2.2408384373051042,28.239910927030525,3.148077814913725,4.753490157197,7.901567972110724,0.6786655485903443,2.8959622345543106,0.19149888858682615,3.766126671731481,3.73802632210193,567.9601170581933
87,1991,220.01257011396112,4.601136053695732,2.6049387108122746,4.111208908059539,4.376594225481571,11.0335393876754,13.90169353788862,24.935232925564023,3.231004406433314,15.85842607093687,6.283408220345335,1.1175851009692577,3.4707072779129993,2.4774301460000885,29.20755681616455,3.1547616699474936,4.986330983498558,8.141092653446051,0.4087579578134308,2.5913427701175307,0.23748190285333323,3.2375826307842948,3.574457677332313,563.7078735901978
88,1992,216.7133177916215,4.7833646506623415,2.697708507138012,4.411525029513009,4.3241570453183025,11.255852608468864,14.59112707965153,25.846979688120392,3.0629131081302017,15.64302786363247,5.927736731881632,1.1580651942046136,3.109453704640824,2.7603221562200773,28.598605650579618,3.1870382336683614,5.212266537949504,8.399304771617865,0.506328512927511,2.809145246542185,0.23589496056739356,3.5513687200370896,3.757191682172414,562.4148481474849
89,1993,211.20810714107088,4.851511432407789,2.670062596424271,4.879658128182242,4.654112312923864,11.312981498914526,14.71543294076963,26.028414439684155,2.872286795642735,15.453689650535052,5.803923075445237,1.1630900463007434,3.431250120074542,3.2196622543274884,29.07161514668306,2.8116731667018886,5.1449539874354,7.956627154137289,0.4743766229275135,2.4522692442509086,0.19019807496493824,3.1168439421433605,3.782828379858216,569.2647595627366
90,1994,209.68661401761895,4.8189840608681775,2.6983270372369135,5.223246335012295,4.7303709439863955,11.423723409101264,15.128794090405263,26.55251749950653,2.7749851956452423,15.415129291364886,6.309312318741555,1.2249654565055652,3.4087975827145875,3.1666173188174724,29.524821968144067,2.5336514371612084,5.485203237218908,8.018854674380115,0.4100674433258933,3.475845674950419,0.18372583853383745,4.0696389568101505,3.786878027300749,579.1878799890111
91,1995,206.67122330797136,4.987268944486589,2.8804482533292273,6.145364798209014,4.610306858742898,11.687227794927004,14.984726029577795,26.671953824504797,2.6666604140952965,14.989664499525428,6.9658647118627535,1.2016191658819688,3.4169052022644313,2.387941791061575,28.961995370596156,1.9996246416975656,4.468020646646014,6.467645288343579,0.41353687954171153,3.4219558346004346,0.2100863980311903,4.045579112173336,3.1592847080959987,572.0950684537366
92,1996,205.76553301112867,5.3119223145281635,2.828570792222544,5.871026586536857,4.293474099445207,11.808697425219354,15.260577453721647,27.069274878941002,2.559834907497024,15.090834251131954,7.000485784319179,1.16736567692747,2.5334950142212436,1.798885291859957,27.591066018459806,2.021505469686739,3.9977456720992413,6.019251141785981,0.35971554546904155,3.7250614666318334,0.17683661701283435,4.261613629113709,3.0556533650028275,562.6561539250093
93,1997,202.23952583377041,5.52362578719003,2.912190488066988,5.752684339458361,4.187137874589212,11.814854424547772,15.47328002981015,27.288134454357923,2.587691270446151,15.533945007914639,7.247391100427977,1.1608137421586446,2.015668054171308,1.8401536026264935,27.79797150729906,2.4799724750320924,3.940134606396354,6.420107081428446,0.3796728652459401,3.323694565049177,0.19160755115201972,3.894974981447137,3.1438480513958265,565.0924205936138
94,1998,198.8479413022831,5.597163717038724,2.9617116300651793,5.930924134145483,4.3377695094862405,11.97840591226944,15.630749786497367,27.609155698766806,2.636607935099506,15.710482950944352,7.551925828006447,1.1813918113829383,2.1045578834905747,1.9231117469170478,28.47147022074136,1.9645055942581038,4.053520076128147,6.018025670386251,0.44712850804918247,3.1891569510841706,0.16877025876899118,3.805055717902344,3.1886028028239117,570.8891176610241
95,1999,197.94653096330273,6.031393348623853,3.013904816513761,6.136513659951487,4.6149737897887535,12.69865309350027,16.180385545822013,28.87903863932228,2.5774396247695086,16.178950571975868,7.007286202760521,1.169730929662185,1.9502676381603676,1.870423745502066,28.176659088061008,2.0445454301408583,4.400489920488404,6.445035350629262,0.41046347410444156,2.6832189777213085,0.1690971911419825,3.2627796429677325,2.9285729021291886,583.912429024989
96,2000,196.4674028606665,6.205434982918219,3.2391590944530284,6.502404564634573,4.466170349365629,12.68387484645841,16.854008572852067,29.537883419310475,2.60324733962498,16.096109920852737,6.640225224427644,1.1013332861164724,2.003647502523151,1.6923703454503638,27.533686279370365,2.0081852651573766,3.822532461494181,5.8307177266515575,0.3044789808240523,2.6575032924508455,0.20563415195566337,3.167616425230561,2.743054725017384,591.0801521064863
97,2001,192.6532911164551,6.815593499847462,3.4726904605501736,7.027259962604527,4.343024575706233,12.81325828076683,16.991948006722314,29.805206287489142,2.6001841883589387,15.77447504384711,6.545884902432754,1.104767038577214,1.493468385589311,1.597215544034377,26.515810914480767,2.0119216204205275,3.448408336248666,5.460329956669193,0.18545138245349338,3.344635730162968,0.1685225380134233,3.698609650629885,2.397858430972024,586.2598945280406
98,2002,191.3188018700816,6.462733512373289,3.5823001350843335,8.034513924437173,4.397573535462436,12.831410153805924,17.40138193899471,30.232792092800636,2.597856589819334,16.19757709154312,5.795113082766981,1.1849853895883127,1.4713395039440125,1.6188552598242154,26.267870327666643,2.337018486754912,3.737716374379899,6.074734861134811,0.19395542354310782,3.081027107444394,0.19071184016089587,3.465694371148398,2.5046531996291597,588.6167172852735
99,2003,188.67556172583647,7.408902072425252,3.2205129882462162,8.646839088977845,4.453272553650728,12.561873819060779,17.695864891565986,30.257738710626764,2.6460661868517446,15.901952479590836,6.704843043712791,1.1147803040010704,1.4500396489736314,1.4789235310020352,26.650539007280365,2.649269492578556,3.2952946424313243,5.94456413500988,0.1826243203373263,3.3740164479881503,0.18807189613614603,3.7447126644616224,2.446283638334075,597.1372859919536
100,2004,185.83993128799597,7.892965814459427,3.368074906559211,9.241761330840417,4.494175365608024,12.8611823379202,18.09621507621256,30.957397414132757,2.6538831438089927,14.620914033901734,6.512912343672682,1.1214353854981844,1.3187344095648659,1.59100024761198,25.164996420249444,2.2899316130669614,3.2408138079411284,5.53074542100809,0.14315935404299526,4.290940278749644,0.16282791996549753,4.596927552758137,2.1496723504835784,594.7897997342878
101,2005,184.91671116633344,7.952577992989836,3.496158862564409,10.359074642611166,4.513320573670923,12.648997347793342,18.662967319508706,31.31196466730205,2.6490766876200613,15.107387711790073,5.996565349955381,1.1394858429198473,1.3366590969243486,1.6131743281395678,25.193272329729215,2.353722588222654,3.7162745842781084,6.069997172500763,0.15175837217218777,4.197941575560739,0.2145744689212681,4.564274416654194,1.9481423429719673,604.2784171824477
102,2006,185.21552994982355,8.235284330576143,3.7542715472044956,11.083532436478727,4.664971432323265,13.065612198172914,19.097723845864472,32.163336044037386,2.602119945989212,15.311919489176812,6.123496874914557,1.1899831711696975,1.327443284534157,1.668250718885453,25.62109353868068,2.2711768842636717,4.220612411450407,6.491789295714079,0.11132470829651216,3.210593597628639,0.24641146745109233,3.5683297733762434,1.9404163053488848,612.7758107826588
103,2007,183.45818443898585,,3.7635134795706455,11.569818832277575,4.683704329068832,12.792852971172797,19.8810547212104,32.673907692383196,2.5629800026732763,14.76172906724253,6.11912593173419,1.2470036936640128,1.4867356836302226,1.6436872903208126,25.258281666591767,2.0880593306120194,5.577200822284606,7.665260152896625,0.164556166998324,2.8605723189831354,0.2310830955215723,3.256211581503032,1.6660362241643591,613.0486689564148
104,2008,181.66251491097262,,3.781521420465869,11.739178538098901,4.973427440996872,13.130551733447874,19.01825666772558,32.148808401173454,2.3431110440473346,14.235340790446294,6.107328327782566,1.136163201671288,1.5472554603181616,1.5292107083424433,24.555298488560755,2.342197904281324,5.102477279619388,7.444675183900712,0.09496261686777945,3.061304354557576,0.2566587095106647,3.41292568093602,1.982111884398031,607.3562082127246
105,2009,180.92415292116732,,3.8924250964678113,12.475272625079214,4.951093167211236,13.3553020748826,18.901668706765363,32.256970781647965,2.3789208075688255,13.922743527548969,6.3140897429394585,1.0402049761961873,0.8983884128373575,1.6130007745331163,23.788427434055084,2.28982711181266,4.981008400947536,7.270835512760195,0.25219150664114925,4.00126783737141,0.23830061654490706,4.4917599605574665,1.7545293523993701,607.7732710473813
106,2010,177.73536755747332,,3.9699773245111127,13.4569750134924,4.912109456142473,13.304768995830193,19.41931519319266,32.724084189022854,2.3214116062328265,13.952612367174991,6.478955618957071,0.9549905681121695,0.9704873724628741,1.5900366964004213,23.947082623107526,1.9688467213045642,5.205734755114317,7.174581476418881,0.20534922308498635,3.237593061132235,0.26004929100844837,3.70299157522567,1.3947004435824322,604.1270191467814
107,2011,173.43767545953742,,4.028156990687999,13.665144806431805,5.379929694345073,13.039124551898825,19.976373091095965,33.01549764299479,2.255310359057777,13.21681017214792,6.436115040054279,0.8802017978977564,1.2161273201835716,1.5597457933614294,23.309000123644957,1.9290702852181503,5.239840932909165,7.168911218127315,0.208745017059343,2.9993936446420704,0.3024740074902545,3.510612669191668,0.9978334278294824,602.8245249666336
108,2012,169.45808952774232,,4.081814864746149,14.049970178038537,5.511414451680155,13.256856861431041,20.04039798243489,33.29725484386593,2.2577920028267213,13.173861828215886,6.990855497562228,0.8403159182973311,1.1099172754177247,1.644982070363863,23.759932589857033,2.0088020623813794,5.33958698270749,7.34838904508887,0.1676645237825606,3.620020272459662,0.31015933223760805,4.097844128479831,1.2774679936876228,613.5821197624409
109,2013,164.63397064716935,,4.053878096910883,14.956286906112926,5.479387848089181,13.357236521580635,20.091192403733924,33.44842892531456,2.1426658701016885,13.051117007734488,6.037722419978332,0.8798754513693092,1.4217750286768893,1.582068544251534,22.972558452010553,1.9106024819741636,5.304985253776441,7.215587735750605,0.16121794756477253,2.8837219925750808,0.3927064667266736,3.437646406866527,1.0863031479945513,606.3407445365026
110,2014,158.52950110670088,,4.093295237066921,14.876698846943713,5.50771050672702,13.665429754641233,20.508319567559433,34.17374932220066,2.0959676760046877,12.480814878778661,6.19913012854304,0.912495381218017,1.2537002244873612,1.62817803315372,22.474318646180794,1.4395017576815052,5.424775579647863,6.864277337329368,0.19341683707159543,3.094215863793412,0.29230613997173777,3.5799388408367454,0.9117326141810854,614.5992612906496
111,2015,155.12521937589236,,4.134384350103235,14.41203511043424,5.614607436780521,14.044326757996354,21.071724332526554,35.11605109052291,2.1209010160083084,12.873097984268135,6.497632786375017,0.8286826984014181,1.3746970224327397,1.689465553980476,23.26357604545779,2.192690841050376,5.501916116378807,7.694606957429182,0.3265123958668175,3.229842520088224,0.32787349862851145,3.8842284145835535,1.503471633557022,628.0484780647486
112,2016,153.1030509751043,,4.254825732097186,13.762363371635795,5.708891039457728,14.361976977476411,22.079813953794076,36.44179093127049,2.1576210503933595,12.937823121242804,6.397120721967293,0.8212624387414114,1.2396297398636371,1.557118534946035,22.95295455676118,2.0608734799863004,5.396308675661765,7.4571821556480655,0.2660578011374027,2.9458345146716973,0.30292020592793606,3.514812521737036,1.304947025308075,644.2167059091936
113,2017,148.80631350184476,,4.2683406906914705,13.75694114891064,5.701327247837317,15.090132246317818,21.868521318623767,36.958653564941585,2.075315147139184,12.326954700071212,6.690527847838491,0.7939582178104139,1.1617250762539675,1.729365227329886,22.702531069303973,1.7959642287794286,5.132880161482446,6.928844390261875,0.33686296960729795,2.7743946383773994,0.33221708711858755,3.443474695103285,1.374190386322172,643.2015254832968
114,2018,144.8592304729773,,4.288896868447991,13.614375427725527,6.046748311907231,15.403871755187511,22.59446703902806,37.99833879421557,2.125475801750313,11.970672961593984,6.6235582550237915,0.7038333584931074,1.0133854483649127,1.7774774646690368,22.08892748814483,1.9536140006064857,4.903484627795798,6.857098628402284,0.3310583650799598,2.274213641644931,0.35880513089073657,2.9640771376156274,1.3958260436671062,644.2023456273415
115,2019,141.68190221261074,,4.339255026275431,13.371123731242747,6.164666558072228,15.540733664199111,22.7938754904095,38.334609154608614,2.0869652704426827,12.303486478789846,6.769139947936165,0.8143669602306831,1.042998581588905,1.805306943614191,22.735298912159788,1.902780946476806,4.807513229147316,6.710294175624123,0.2957066592122814,2.683942130834167,0.3500316635007225,3.3296804535471707,1.384232037556668,651.3879540077539
116,2020,140.811662801924,,4.428531736348619,13.72048480409715,6.344205719491191,15.538378592751505,22.520760859627934,38.05913945237944,2.0339792940607966,12.750747484247713,6.573790058815444,0.6818856929355127,0.6503814228043295,1.6788140871828539,22.335618745985855,2.1486739437482414,4.771170601795234,6.919844545543475,0.29238020261837133,2.4389612642275855,0.3652708073738652,3.0966122742198223,1.0893479882312154,653.5656703654167
117,2021,134.36890773581766,,4.501778121790153,14.303439417034221,6.45935937181625,16.058085751855103,23.065701019565147,39.12378677142025,1.9322604607327603,12.04821370140373,6.486110097442101,0.7737688785418093,0.8854685882457048,1.8025503018793039,21.99611156751265,2.0455908023165956,4.465877824925026,6.511468627241621,0.22402366946400581,2.3391400693374593,0.36054016811432554,2.9237039069157906,1.0327044616594405,661.3231492327501
