,Unnamed: ,Year,US Population,Total Fish,Per Cap Fish,Total Shellfish,Per Cap Shellfish,Total both,Per cap both,Total Salmon,Per Cap Salmon,Total Sardines,Per Cap Sardines,Total Tuna,Per Cap Tuna,Total Canned Shellfish,Per Cap Canned Shellfish,Other Total,Other Per cap,Total Canned,Per Cap Canned,Total Cured,Per Cap Cured,Total fish and Shellfish,Total Per cap fish and shellfilsh
0,5,1909,90.49,0.0,0.0,0.0,0.0,0.0,4.3,0.0,0.0,0.0,0.0,0.0,0.0,0.0,0.0,0.0,0.0,0.0,2.7,0.0,4.0,0.0,11.0
1,6,1910,92.407,0.0,0.0,0.0,0.0,0.0,4.5,0.0,0.0,0.0,0.0,0.0,0.0,0.0,0.0,0.0,0.0,0.0,2.8,0.0,3.9,0.0,11.2
2,7,1911,93.863,0.0,0.0,0.0,0.0,0.0,4.8,0.0,0.0,0.0,0.0,0.0,0.0,0.0,0.0,0.0,0.0,0.0,2.8,0.0,3.7,0.0,11.3
3,8,1912,95.335,0.0,0.0,0.0,0.0,0.0,5.0,0.0,0.0,0.0,0.0,0.0,0.0,0.0,0.0,0.0,0.0,0.0,2.9,0.0,3.4,0.0,11.3
4,9,1913,97.225,0.0,0.0,0.0,0.0,0.0,5.3,0.0,0.0,0.0,0.0,0.0,0.0,0.0,0.0,0.0,0.0,0.0,2.9,0.0,3.3,0.0,11.5
5,10,1914,99.111,0.0,0.0,0.0,0.0,0.0,5.6,0.0,0.0,0.0,0.0,0.0,0.0,0.0,0.0,0.0,0.0,0.0,3.0,0.0,3.1,0.0,11.7
6,11,1915,100.546,0.0,0.0,0.0,0.0,0.0,5.8,0.0,0.0,0.0,0.0,0.0,0.0,0.0,0.0,0.0,0.0,0.0,2.4,0.0,3.0,0.0,11.2
7,12,1916,101.961,0.0,0.0,0.0,0.0,0.0,6.0,0.0,0.0,0.0,0.0,0.0,0.0,0.0,0.0,0.0,0.0,0.0,2.2,0.0,2.8,0.0,11.0
8,13,1917,103.414,0.0,0.0,0.0,0.0,0.0,6.2,0.0,0.0,0.0,0.0,0.0,0.0,0.0,0.0,0.0,0.0,0.0,2.0,0.0,2.7,0.0,10.9
9,14,1918,104.55,0.0,0.0,0.0,0.0,0.0,6.4,0.0,0.0,0.0,0.0,0.0,0.0,0.0,0.0,0.0,0.0,0.0,2.0,0.0,2.5,0.0,10.9
10,15,1919,105.063,0.0,0.0,0.0,0.0,0.0,6.4,0.0,0.0,0.0,0.0,0.0,0.0,0.0,0.0,0.0,0.0,0.0,2.8,0.0,2.4,0.0,11.6
11,16,1920,106.461,0.0,0.0,0.0,0.0,0.0,6.3,0.0,0.0,0.0,0.0,0.0,0.0,0.0,0.0,0.0,0.0,0.0,3.2,0.0,2.3,0.0,11.8
12,17,1921,108.538,0.0,0.0,0.0,0.0,0.0,6.2,0.0,1.1,0.0,0.7,0.0,0.1,0.0,0.2,0.0,0.1,0.0,2.2,0.0,2.1,0.0,10.5
13,18,1922,110.049,0.0,0.0,0.0,0.0,0.0,6.1,0.0,2.1,0.0,0.7,0.0,0.1,0.0,0.2,0.0,0.1,0.0,3.2,0.0,2.0,0.0,11.3
14,19,1923,111.947,0.0,0.0,0.0,0.0,0.0,6.0,0.0,1.9,0.0,0.6,0.0,0.2,0.0,0.2,0.0,0.0,0.0,2.9,0.0,1.8,0.0,10.7
15,20,1924,114.109,0.0,0.0,0.0,0.0,0.0,6.1,0.0,2.1,0.0,0.8,0.0,0.1,0.0,0.2,0.0,0.0,0.0,3.2,0.0,1.7,0.0,11.0
16,21,1925,115.829,0.0,0.0,0.0,0.0,0.0,6.3,0.0,2.0,0.0,0.8,0.0,0.2,0.0,0.2,0.0,0.0,0.0,3.2,0.0,1.6,0.0,11.1
17,22,1926,117.397,0.0,0.0,0.0,0.0,0.0,6.6,0.0,2.1,0.0,0.8,0.0,0.2,0.0,0.2,0.0,0.1,0.0,3.4,0.0,1.4,0.0,11.4
18,23,1927,119.035,0.0,0.0,0.0,0.0,0.0,7.0,0.0,2.6,0.0,0.8,0.0,0.2,0.0,0.2,0.0,0.1,0.0,3.9,0.0,1.3,0.0,12.2
19,24,1928,120.509,0.0,0.0,0.0,0.0,0.0,7.1,0.0,2.4,0.0,1.1,0.0,0.2,0.0,0.2,0.0,0.0,0.0,3.9,0.0,1.1,0.0,12.1
20,25,1929,121.767,0.0,5.5,0.0,1.4,836.0,6.865571131751624,0.0,2.1,0.0,1.0,0.0,0.3,0.0,0.3,0.0,0.2,0.0,3.9,128.0,1.0511879244787177,0.0,11.816759056230342
21,26,1930,123.188,0.0,4.6,0.0,1.2,718.0,5.82848978796636,0.0,2.1,0.0,0.6,0.0,0.3,0.0,0.2,0.0,0.2,0.0,3.4,123.0,0.9984738773257136,0.0,10.226963665292072
22,27,1931,124.149,0.0,3.9,0.0,1.0,608.0,4.897341098196522,0.0,2.1,0.0,0.5,0.0,0.2,0.0,0.2,0.0,0.2,0.0,3.2,92.0,0.7410450345955263,0.0,8.83838613279205
23,28,1932,124.949,0.0,3.4,0.0,0.9,537.0,4.297753483421236,0.0,2.3,0.0,0.5,0.0,0.3,0.0,0.2,0.0,0.1,0.0,3.4,93.0,0.7443036758997671,0.0,8.442057159321003
24,29,1933,125.69,0.0,3.4,0.0,0.8,522.0,4.153075025857268,0.0,2.3,0.0,0.7,0.0,0.3,0.0,0.2,0.0,0.4,0.0,3.9,73.0,0.5807940170260164,0.0,8.633869042883285
25,30,1934,126.485,0.0,3.3,0.0,1.0,544.0,4.300905245681306,0.0,2.3,0.0,0.8,0.0,0.4,0.0,0.2,0.0,0.5,0.0,4.2,87.0,0.6878285962762383,0.0,9.188733841957545
26,31,1935,127.362,0.0,4.1,0.0,1.0,649.0,5.095711436692263,0.0,2.2,0.0,1.0,0.0,0.5,0.0,0.2,0.0,0.8,0.0,4.7,88.0,0.6909439236192899,0.0,10.486655360311554
27,32,1936,128.181,0.0,4.1,0.0,1.1,660.0,5.14896903597257,0.0,3.0,0.0,1.3,0.0,0.4,0.0,0.4,0.0,0.7,743.0,5.796490899587302,85.0,0.6631248000873764,0.0,11.608584735647248
28,33,1937,128.961,0.0,4.4,0.0,1.2,717.0,5.559820410821875,0.0,2.6,0.0,1.3,0.0,0.5,0.0,0.4,0.0,0.5,678.0,5.257403401028217,117.0,0.9072510293809756,0.0,11.724474841231068
29,34,1938,129.969,0.0,4.0,0.0,1.2,682.0,5.247405150458956,0.0,2.4,0.0,1.0,0.0,0.5,0.0,0.4,0.0,0.5,621.0,4.778062461048404,106.0,0.8155790996314506,0.0,10.84104671113881
30,35,1939,131.028,0.0,4.1,0.0,1.2,699.0,5.334737613334555,0.0,2.1,0.0,1.1,0.0,0.6,0.0,0.5,0.0,0.4,620.0,4.7318130475928815,91.0,0.6945080440821809,0.0,10.761058705009615
31,36,1940,132.122,0.0,4.5,0.0,1.2,750.0,5.676571653471791,0.0,2.0,0.0,1.0,0.0,0.6,0.0,0.5,0.0,0.5,613.0,4.63965123143761,88.0,0.6660510740073567,0.0,10.982273958916757
32,37,1941,133.402,0.0,5.0,0.0,1.3,825.0,6.184315077734967,0.0,2.3,0.0,0.9,0.0,0.5,0.0,0.2,0.0,0.3,0.0,4.2,89.0,0.66715641444656,0.0,11.051471492181529
33,38,1942,134.86,0.0,4.0,0.0,1.2,707.0,5.242473676405161,0.0,1.2,0.0,0.8,0.0,0.4,0.0,0.2,0.0,0.3,0.0,2.9,89.0,0.6599436452617529,0.0,8.802417321666914
34,39,1943,136.739,0.0,4.2,0.0,1.3,764.0,5.587286728731379,0.0,0.7,0.0,0.4,0.0,0.4,0.0,0.2,0.0,0.1,0.0,1.8,80.0,0.5850562019614008,0.0,7.97234293069278
35,40,1944,138.397,0.0,4.1,0.0,1.4,775.0,5.599832366308519,0.0,0.8,0.0,0.9,0.0,0.5,0.0,0.1,0.0,0.3,0.0,2.6,74.0,0.5346936711055876,0.0,8.734526037414106
36,41,1945,139.928,0.0,5.0,0.0,1.6,905.0,6.467611914698988,0.0,0.9,0.0,0.8,0.0,0.6,0.0,0.1,0.0,0.2,0.0,2.6,97.0,0.6932136527356927,0.0,9.76082556743468
37,42,1946,141.389,0.0,4.3,0.0,1.6,844.0,5.969346978902177,0.0,1.4,0.0,1.1,0.0,0.7,0.0,0.4,0.0,0.6,591.0,4.179957422430316,98.0,0.6931232274080728,1533.0,10.842427628740566
38,43,1947,144.126,0.0,4.2,0.0,1.6,835.0,5.7935417620693,0.0,1.3,0.0,0.9,0.0,0.8,0.0,0.2,0.0,0.6,559.0,3.8785507125709446,93.0,0.6452687232005329,1487.0,10.317361197840777
39,44,1948,146.631,0.0,4.4,0.0,1.6,884.0,6.028738806937142,0.0,1.6,0.0,1.1,0.0,0.9,0.0,0.3,0.0,0.5,659.0,4.4942747440854935,99.0,0.6751641876547251,1642.0,11.19817773867736
40,45,1949,149.188,0.0,4.3,0.0,1.5,875.0,5.8650829825455135,0.0,1.6,0.0,1.2,0.0,0.9,0.0,0.3,0.0,0.5,667.0,4.470868970694695,91.0,0.6099686301847334,1633.0,10.94592058342494
41,46,1950,151.684,0.0,4.7,0.0,1.6,965.0,6.361910287175971,0.0,1.4,0.0,1.4,0.0,1.1,0.0,0.4,0.0,0.6,744.0,4.904933941615464,96.0,0.6328947021439308,1805.0,11.899738930935364
42,47,1951,154.287,0.0,4.6,0.0,1.7,982.0,6.364761775133355,0.0,1.4,0.0,0.8,0.0,1.2,0.0,0.4,0.0,0.5,670.0,4.342556404622554,95.0,0.6157356096106607,1747.0,11.32305378936657
43,48,1952,156.954,0.0,4.5,0.0,1.7,978.0,6.231125043006231,0.0,1.4,0.0,0.5,0.0,1.3,0.0,0.3,0.0,0.8,665.0,4.236910177504237,101.0,0.6435006435006435,1744.0,11.111535864011111
44,49,1953,159.565,0.0,4.7,0.0,1.7,1024.0,6.4174474352144895,0.0,1.3,0.0,0.7,0.0,1.4,0.0,0.4,0.0,0.5,680.0,4.261586187447122,104.0,0.6517720051389716,1808.0,11.330805627800585
45,50,1954,162.391,0.0,4.5,0.0,1.7,1015.0,6.250346386191353,0.0,1.1,0.0,0.8,0.0,1.4,0.0,0.4,0.0,0.6,686.0,4.224372040322432,107.0,0.6589035106625367,1808.0,11.133621937176322
46,51,1955,165.275,0.0,4.2,0.0,1.7,980.0,5.929511420360006,0.0,1.0,0.0,0.6,0.0,1.4,0.0,0.4,0.0,0.5,633.0,3.829980335803963,109.0,0.6595068824686129,1722.0,10.418998638632582
47,52,1956,168.221,0.0,4.0,0.0,1.7,966.0,5.74244594907889,0.0,1.1,0.0,0.4,0.0,1.6,0.0,0.4,0.0,0.5,662.0,3.935299397815968,119.0,0.7074027618430517,1747.0,10.38514810873791
48,53,1957,171.274,0.0,3.8,0.0,1.7,956.0,5.581699499048309,0.0,1.0,0.0,0.4,0.0,1.6,0.0,0.4,0.0,0.6,687.0,4.011116690215678,110.0,0.6422457582586966,1753.0,10.235061947522684
49,54,1958,174.141,0.0,4.1,0.0,1.6,996.0,5.719503161231416,0.0,1.1,0.0,0.6,0.0,1.8,0.0,0.4,0.0,0.4,745.0,4.278142424816672,104.0,0.5972171975583005,1845.0,10.594862783606388
50,55,1959,177.073,0.0,4.1,0.0,1.8,1053.0,5.9466999486087655,0.0,0.9,0.0,0.6,0.0,1.9,0.0,0.5,0.0,0.5,780.0,4.404962924895382,102.0,0.5760336132555499,1935.0,10.927696486759697
51,56,1960,180.671,0.0,3.8,0.0,1.9,1033.0,5.71757503971307,0.0,0.7,0.0,0.4,0.0,2.0,0.0,0.4,0.0,0.5,724.0,4.007283958133845,104.0,0.5756319497871822,1861.0,10.300490947634096
52,57,1961,183.691,0.0,3.9,0.0,2.0,1089.0,5.928434163894802,0.0,0.8,0.0,0.5,0.0,2.1,0.0,0.4,0.0,0.5,788.0,4.289812783424337,96.0,0.5226167857978888,1973.0,10.740863733117028
53,58,1962,186.538,0.0,3.9,0.0,1.9,1093.0,5.859395940773461,0.0,0.9,0.0,0.3,0.0,2.1,0.0,0.4,0.0,0.6,796.0,4.267227052932914,97.0,0.5200012866011214,1986.0,10.646624280307496
54,59,1963,189.242,0.0,3.8,0.0,2.0,1103.0,5.828515868570403,0.0,0.9,0.0,0.4,0.0,2.0,0.0,0.5,0.0,0.6,793.0,4.190401707866119,98.0,0.5178554443516767,1994.0,10.536773020788198
55,60,1964,191.889,0.0,3.8,0.0,2.1,1140.0,5.940934602817253,0.0,0.7,0.0,0.3,0.0,2.0,0.0,0.5,0.0,0.6,776.0,4.04400460682999,96.0,0.5002892297109266,2012.0,10.48522843935817
56,61,1965,194.303,0.0,3.8,0.0,2.2,1168.0,6.011229883223625,0.0,0.8,0.0,0.3,0.0,2.3,0.0,0.5,0.0,0.5,839.0,4.317998178103272,104.0,0.5352464964514186,2111.0,10.864474557778315
57,62,1966,196.56,0.0,3.9,0.0,2.2,1202.0,6.115181115181115,158.0,0.8038258038258038,79.0,0.4019129019129019,452.0,2.2995522995523,79.0,0.4019129019129019,77.0,0.39173789173789175,845.0,4.298941798941799,97.0,0.4934879934879935,2144.0,10.907610907610907
58,63,1967,198.712,0.0,3.6,0.0,2.2,1160.0,5.837594106042917,140.0,0.7045372196948347,80.0,0.402592696968477,479.0,2.410523773098756,100.0,0.5032408712105962,59.0,0.29691211401425177,858.0,4.317806674986916,95.0,0.4780788276500664,2113.0,10.6334796086799
59,64,1968,200.706,0.0,4.1,0.0,2.2,1258.0,6.267874403356153,140.0,0.6975376919474257,81.0,0.4035753789124391,481.0,2.396540213047941,100.0,0.4982412085338754,60.0,0.29894472512032527,862.0,4.294839217562006,93.0,0.4633643239365042,2213.0,11.026077944854665
60,65,1969,202.677,0.0,4.4,0.0,2.2,1335.0,6.586835210704717,140.0,0.6907542543061127,81.0,0.3996506757056794,481.0,2.3732342594374303,100.0,0.4933958959329376,40.0,0.19735835837317506,842.0,4.154393443755335,88.0,0.4341883884209851,2265.0,11.175417042881037
61,66,1970,205.052,0.0,4.5,0.0,2.4,1406.0,6.856797300197023,142.0,0.692507266449486,81.0,0.3950217505803406,506.0,2.467666738193239,101.0,0.4925579852915358,81.0,0.3950217505803406,911.0,4.442775491094942,91.0,0.4437898679359382,2408.0,11.743362659227904
62,67,1971,207.661,0.0,4.3,0.0,2.4,1401.0,6.74657253889753,145.0,0.6982534033833989,83.0,0.3996898791780835,497.0,2.393323734355512,104.0,0.5008162341508516,62.0,0.2985635242053154,891.0,4.290646775273162,94.0,0.452660827020962,2386.0,11.489880141191652
63,68,1972,209.896,0.0,4.7,0.0,2.4,1494.0,7.117810725311584,148.0,0.7051111026413082,85.0,0.4049624575980486,613.0,2.920493958912985,106.0,0.5050120059458018,84.0,0.4001981933910127,1036.0,4.935777718489157,92.0,0.4383123070472996,2622.0,12.49190075084804
64,69,1973,211.909,0.0,5.2,0.0,2.2,1563.0,7.375807540028975,84.0,0.3963965664506935,105.0,0.4954957080633668,652.0,3.076792396736335,105.0,0.4954957080633668,105.0,0.49549570806336685,1051.0,4.959676087377129,86.0,0.4058345799376147,2700.0,12.74131820734372
65,70,1974,213.854,0.0,4.4,0.0,2.5,1477.0,6.906581125440721,64.0,0.2992695951443508,86.0,0.4021435184752214,664.0,3.1049220496226395,107.0,0.5003413543819615,86.0,0.4021435184752214,1007.0,4.708820036099395,97.0,0.4535804801406566,2581.0,12.068981641680772
66,71,1975,215.973,1079.0,4.995994869729087,539.0,2.495682330661703,1618.0,7.491677200390789,64.0,0.2963333379635417,42.0,0.1944687530385742,615.0,2.8475781694934086,106.0,0.4908020910021159,85.0,0.39356771448282885,912.0,4.2227500659804695,91.0,0.4213489649169109,2621.0,12.13577623128817
67,72,1976,218.035,1212.0,5.558740569174674,563.0,2.582154241291536,1775.0,8.140894810466209,67.0,0.3072901139725273,66.0,0.3027036943609971,617.0,2.8298209003141697,88.0,0.4036049258146628,87.0,0.3990185062031325,925.0,4.24243814066549,104.0,0.4769876395991469,2804.0,12.860320590730844
68,73,1977,220.239,1126.0,5.112627645421565,574.0,2.606259563474226,1700.0,7.718887208895791,108.0,0.490376363859262,65.0,0.2951339226930743,606.0,2.7515562638769704,130.0,0.5902678453861487,87.0,0.3950254042199611,996.0,4.522359800035416,88.0,0.3995659261075468,2784.0,12.640812935038754
69,74,1978,222.585,1262.0,5.669744142687063,531.0,2.385605499022845,1793.0,8.055349641709908,132.0,0.5930318754633062,66.0,0.2965159377316531,727.0,3.2661679807713906,110.0,0.4941932295527551,67.0,0.3010086034548599,1102.0,4.950917626973965,81.0,0.363905923579756,2976.0,13.370173192263628
70,75,1979,225.055,1241.0,5.514207638132901,519.0,2.306102952611584,1760.0,7.820310590744483,113.0,0.5020994867921175,68.0,0.3021483637333096,719.0,3.1947746106507298,112.0,0.4976561285019217,67.0,0.2977050054431139,1079.0,4.794383595121192,83.0,0.3687987380862456,2922.0,12.983492923951925
71,76,1980,227.726,1219.0,5.35292412811888,564.0,2.4766605482026645,1783.0,7.829584676321544,113.0,0.4962103580618814,68.0,0.2986044632584773,677.0,2.972870906264546,90.0,0.3952117896068082,23.0,0.1009985684550732,971.0,4.2638960856467865,73.0,0.3205606737921888,2827.0,12.414041435760518
72,77,1981,229.966,1117.0,4.857239765878434,661.0,2.874337945609351,1778.0,7.731577711487785,114.0,0.4957254550672708,91.0,0.3957106702729969,684.0,2.974352730403625,91.0,0.3957106702729969,68.0,0.29569588547872294,1048.0,4.557195411495612,67.0,0.291347416574624,2893.0,12.58012053955802
73,78,1982,232.188,1175.0,5.06055437834858,644.0,2.77361448481403,1819.0,7.83416886316261,115.0,0.4952883008596482,69.0,0.2971729805157889,645.0,2.7779213396041142,92.0,0.3962306406877185,69.0,0.29717298051578894,990.0,4.263786242183059,69.0,0.2971729805157889,2878.0,12.395128085861458
74,79,1983,234.307,1256.0,5.360488589756175,698.0,2.9789976398485747,1954.0,8.33948622960475,116.0,0.4950769716653792,47.0,0.2005915316230415,744.0,3.1753212665434667,93.0,0.3969151583179333,93.0,0.39691515831793334,1093.0,4.6648200864677545,70.0,0.2987533449704874,3117.0,13.303059661042992
75,80,1984,236.348,1315.0,5.563829607189399,798.0,3.376377206492122,2113.0,8.94020681368152,142.0,0.6008089765938361,47.0,0.1988593091542979,751.0,3.1775178973378235,94.0,0.3977186183085958,117.0,0.49503274832027344,1151.0,4.869937549714827,70.0,0.2961734391659756,3334.0,14.106317802562325
76,81,1985,238.466,1469.0,6.160207325153271,854.0,3.581223319047579,2323.0,9.74143064420085,119.0,0.4990229215066298,71.0,0.297736364932527,781.0,3.2751000142577977,119.0,0.4990229215066298,95.0,0.39837964321957847,1185.0,4.969261865423163,71.0,0.297736364932527,3579.0,15.00842887455654
77,82,1986,240.651,1460.0,6.066876929661626,886.0,3.68168010937,2346.0,9.748557039031626,120.0,0.498647418876298,72.0,0.2991884513257788,861.0,3.577795230437438,120.0,0.498647418876298,120.0,0.49864741887629804,1293.0,5.372925938392111,72.0,0.2991884513257788,3711.0,15.420671428749516
78,83,1987,242.804,1668.0,6.86973855455429,912.0,3.7561160442167343,2580.0,10.625854598771024,97.0,0.3994991845274377,72.0,0.2965354771750053,846.0,3.484291856806313,121.0,0.4983443435857729,121.0,0.4983443435857729,1257.0,5.177015205680302,72.0,0.2965354771750053,3909.0,16.099405281626332
79,84,1988,245.021,1489.0,6.077030132111125,952.0,3.885381253035454,2441.0,9.96241138514658,73.0,0.2979336465037691,73.0,0.2979336465037691,879.0,3.5874476065316854,98.0,0.3999657172242379,73.0,0.2979336465037691,1196.0,4.88121426326723,73.0,0.2979336465037691,3710.0,15.141559294917576
80,85,1989,247.342,1628.0,6.581979607183575,887.0,3.5861277098107074,2515.0,10.168107316994282,74.0,0.2991808912356171,74.0,0.2991808912356171,962.0,3.8893515860630217,99.0,0.4002555166530552,49.0,0.19810626581817886,1258.0,5.08607515100549,74.0,0.2991808912356171,3847.0,15.553363359235387
81,86,1990,250.132,1495.0,5.976844226248541,897.0,3.586106535749124,2392.0,9.562950761997666,100.0,0.3997889114547518,75.0,0.2998416835910639,921.0,3.682055874498265,75.0,0.2998416835910639,100.0,0.39978891145475187,1271.0,5.081317064589896,75.0,0.2998416835910639,3738.0,14.944109510178626
82,87,1991,253.493,1483.0,5.85026016497497,955.0,3.767362412374306,2438.0,9.617622577349277,126.0,0.4970551455069765,50.0,0.1972441053599113,905.0,3.570118307014395,100.0,0.3944882107198226,50.0,0.19724410535991133,1231.0,4.856149873961017,75.0,0.295866158039867,3744.0,14.76963860935016
83,88,1992,256.894,1521.0,5.92072995087468,989.0,3.849836897708783,2510.0,9.770566848583462,127.0,0.4943673266016333,51.0,0.198525461863648,887.0,3.4527859739814866,76.0,0.2958418647379853,25.0,0.09731640287433728,1166.0,4.53883703005909,76.0,0.2958418647379853,3752.0,14.605245743380538
84,89,1993,260.255,1616.0,6.209294730168489,1000.0,3.8423853528270353,2616.0,10.051680082995524,103.0,0.3957656913411846,51.0,0.1959616529941787,898.0,3.4504620468386773,77.0,0.2958636721676817,25.0,0.09605963382067588,1154.0,4.434112697162399,77.0,0.2958636721676817,3847.0,14.781656452325604
85,90,1994,263.436,1659.0,6.29754475470323,1037.0,3.936439970239452,2696.0,10.23398472494268,104.0,0.394782793543783,52.0,0.1973913967718915,856.0,3.2493660699372904,78.0,0.2960870951578372,77.0,0.29229110675837777,1167.0,4.42991846216918,78.0,0.2960870951578372,3941.0,14.9599902822697
86,91,1995,266.557,1647.0,6.1787910278101865,967.0,3.627741908860018,2614.0,9.806532936670203,130.0,0.4877005668581203,52.0,0.1950802267432481,889.0,3.335121568745146,78.0,0.2926203401148722,80.0,0.3001234257588433,1229.0,4.61064612822023,89.0,0.3338873111567131,3932.0,14.751066376047149
87,92,1996,269.667,1690.0,6.266988545131589,950.0,3.522863383357994,2640.0,9.789851928489584,140.0,0.5191588143895991,57.0,0.2113718030014796,837.0,3.1038280546006747,88.0,0.3263283976163194,64.0,0.23732974372095958,1186.0,4.398016813329032,79.0,0.2929539024055594,3905.0,14.480822644224174
88,93,1997,272.912,1625.0,5.954300287272088,1012.0,3.708155009673448,2637.0,9.662455296945536,114.0,0.417717066307088,54.0,0.1978659787770417,826.0,3.0266166383303044,81.0,0.2967989681655625,97.0,0.35542592484024155,1172.0,4.294424576420238,80.0,0.2931347833733951,3889.0,14.25001465673917
89,94,1998,276.115,1561.0,5.653441500823932,1184.0,4.288068377306557,2737.0,9.912536443148689,81.0,0.2933560291907357,54.0,0.1955706861271571,915.0,3.3138366260434964,81.0,0.2933560291907357,54.0,0.19557068612715717,1184.0,4.288068377306557,81.0,0.2933560291907357,4002.0,14.49396084964598
90,95,1999,279.295,1602.0,5.735870674376555,1195.0,4.278630122272149,2818.0,10.08969011260495,81.0,0.2900159329740954,54.0,0.1933439553160636,923.0,3.304749458457903,108.0,0.3866879106321273,81.0,0.29001593297409545,1248.0,4.468393633971249,81.0,0.2900159329740954,4147.0,14.848099679550293
91,96,2000,282.385,1589.0,5.6270694264922,1287.0,4.55760752164598,2876.0,10.18467694813818,95.0,0.3364201356304336,0.0,0.2,990.0,3.505851939727677,109.0,0.3859978398286028,82.0,0.29038369601784797,1333.0,4.7205056925828215,82.0,0.2903836960178479,4291.0,15.19556633673885
92,97,2001,285.309019,1617.0,5.667539027218765,1304.0,4.57048292609355,2921.0,10.238021953312314,113.0,0.3960617873071864,0.0,0.2,823.0,2.8845916013611896,85.0,0.2979225833726623,113.0,0.39606178730718644,1191.0,4.1744211387863634,85.0,0.2979225833726623,4197.0,14.71036567547134
93,98,2002,288.104818,1725.0,5.987404209255535,1438.0,4.991238987193889,3165.0,10.9855851143732,143.0,0.4963471315498791,0.0,0.1,890.0,3.0891534760796677,86.0,0.2985024707223049,102.0,0.3540378141125012,1250.0,4.338698702359084,85.0,0.2950315117604177,4500.0,15.6193153284927
94,99,2003,290.819634,1650.25,5.67447932349712,1650.5,5.675338962843203,3301.0,11.350677925686409,110.618,0.3803663407402541,0.0,0.1,982.0,3.37666335141595,86.0,0.2957159350527207,102.0,0.35073285320206404,1361.0,4.679876600078521,87.0,0.2991544924370546,4749.0,16.32970901820198
95,100,2004,293.463185,1608.277,5.480336485818485,1842.208,6.2774756567846834,3450.0,11.756159465113145,88.0,0.2998672559217266,0.0,0.1,964.966,3.2882012099746003,116.9656,0.3985699262413443,116.9656,0.39856992624134435,1316.0,4.484378509011275,88.0,0.2998672559217266,4854.0,16.540405230046147
96,101,2005,296.186216,1801.0,6.080634083255245,1625.0,5.486413317762229,3426.0,11.567047401017474,118.0,0.3983980132282725,29.0,0.097911376132372,915.0,3.0892727296938087,118.0,0.3983980132282725,90.0,0.30386289144529266,1270.0,4.287843023728018,88.0,0.2971103827465083,4784.0,16.152000807492
97,102,2006,298.995825,1938.0,6.48169585645552,1740.0,5.819479251926009,3678.0,12.301175108381528,56.0,0.1872935851194577,58.0,0.1939826417308669,858.0,2.8696052862945494,119.0,0.3979988683788477,72.0,0.2408060380107314,1163.0,3.889686419534453,97.0,0.3244192456533464,4938.0,16.515280773569327
98,103,2007,302.003917,1983.0,6.566140001422564,1653.0,5.473438942184316,3636.0,12.03957894360688,92.0,0.3046318104542995,59.0,0.1953617045304747,812.0,2.688706848792296,132.0,0.4370804236952993,91.0,0.3013205951232745,1186.0,3.927101382595644,90.0,0.2980093797922495,4912.0,16.264689705994773
99,104,2008,304.797761,1880.0,6.168024311700899,1696.0,5.564345336513152,3576.0,11.73236964821405,27.0,0.0885833278808107,62.0,0.2034135677263062,848.0,2.782172668256576,136.0,0.4461975033996395,119.0,0.39042281547468455,1192.0,3.9107898827380168,93.0,0.3051203515894594,4861.0,15.948279882541527
100,105,2009,307.439406,1909.0,6.209353657156103,1702.0,5.536050248548815,3610.0,11.742151232233384,68.0,0.2211817960642299,67.0,0.2179291225926971,763.0,2.4817898587795213,124.0,0.4033315104700664,109.0,0.3545414083970745,1131.0,3.6787736963035895,107.0,0.3480360614540089,4848.0,15.768960989990982
101,106,2010,309.741279,1953.0,6.305262270192924,1610.0,5.197886459298826,3564.0,11.506377230398147,73.0,0.2356805661669654,61.0,0.196938555290204,834.0,2.69256975593492,138.0,0.4455331250827565,117.0,0.377734606048424,1223.0,3.9484566085232697,106.0,0.3422210960780594,4893.0,15.797054934999476
102,107,2011,311.973914,1786.0,5.724837622160935,1602.0,5.135044720437748,3388.0,10.859882342598684,50.0,0.160269810250866,64.0,0.2051453571211085,788.0,2.525852209553649,138.0,0.4423446762923902,121.0,0.3878529408070958,1161.0,3.72146499402511,108.0,0.3461827901418706,4657.0,14.927530126765664
103,108,2012,314.167558,1744.0,5.551177884509642,1545.0,4.917757930944608,3289.0,10.46893581545425,45.0,0.1432356678915905,67.0,0.2132619944163681,735.0,2.3395159088959785,124.0,0.3946938404123827,111.0,0.3533146474659233,1082.0,3.444022059082243,105.0,0.3342165584137112,4476.0,14.247174432950205
104,109,2013,316.294766,1742.0,5.507520791539118,1549.0,4.897330485702694,3291.0,10.404851277241812,128.0,0.4046857986894415,61.0,0.1928580759379369,726.0,2.295327264441676,119.0,0.3762313284690901,121.0,0.38255454407361267,1155.0,3.6516570116117575,89.0,0.2813830944012523,4535.0,14.337891383254822
105,110,2014,318.576955,1874.0,5.882409165471495,1586.0,4.9783889735527165,3460.0,10.860798139024212,16.0,0.0502233439954876,65.0,0.2040323349816687,728.0,2.2851621517946894,121.0,0.3798140389658756,134.0,0.42062050596220935,1064.0,3.3398523756999308,104.0,0.3264517359706699,4628.0,14.527102250694812
106,111,2015,320.870703,2073.0,6.46054619701444,1603.0,4.995781743277448,3676.0,11.456327940291889,101.0,0.3147685315477369,63.0,0.1963407672030437,704.0,2.194030160491156,157.0,0.4892936579504424,159.0,0.4955266981791105,1184.0,3.6899598153714894,111.0,0.3459337326910771,4971.0,15.492221488354454
107,112,2016,323.161011,1932.0,5.978443977575005,1712.0,5.297668783441206,3644.0,11.276112761016211,0.0,0.0,70.0,0.2166102890425726,671.0,2.0763643421080893,154.0,0.4765426358936598,179.0,0.5539034534088644,1074.0,3.3234207204531865,105.0,0.324915433563859,4823.0,14.924448915033256
108,113,2017,325.20603,2021.0,6.21452191400018,1893.0,5.820925276201059,3914.0,12.03544719020124,83.0,0.2552228198228674,82.0,0.2521478460900617,670.0,2.060232400979773,158.0,0.4858458497832897,181.0,0.5565702456378192,1205.0,3.705343348030785,113.0,0.3474720318070363,5232.0,16.08826257003906
109,114,2018,326.923976,2048.0,6.264453360251559,1965.0,6.010571705514802,4013.0,12.27502506576636,33.0,0.1009408988712409,74.0,0.2263523186809645,688.0,2.104464800709508,163.0,0.498586864121584,189.0,0.5781160571716527,1147.0,3.50846093955495,111.0,0.3395284780214468,5271.0,16.123014483342757
